Date,neg,neu,pos
2010-01-20,0.0497118476778268,0.8750535547733307,0.07523464038968085
2010-01-21,0.0276786517351865,0.9232621192932128,0.0490592680871486
2010-03-17,0.0137783102691173,0.922889530658722,0.063332162797451
2010-03-25,0.061780072748661,0.623556911945343,0.3146630525588989
2010-03-29,0.0199180506169796,0.9323894381523132,0.0476925112307071
2010-04-01,0.4912504255771637,0.460372120141983,0.048377476632595
2010-04-20,0.0422998331487178,0.90644770860672,0.0512524433434009
2010-04-21,0.045593069866299546,0.9068988263607025,0.04750812053680415
2010-04-27,0.0267344322055578,0.8644647002220154,0.1088008731603622
2010-05-06,0.0323892161250114,0.93284410238266,0.0347667038440704
2010-05-13,0.0480048693716526,0.9083045721054076,0.0436905622482299
2010-06-12,0.0321055017411708,0.9292061924934388,0.0386882722377777
2010-07-09,0.0265761092305183,0.9171134233474731,0.0563105233013629
2010-07-12,0.0184771865606308,0.9083954691886902,0.0731273144483566
2010-07-21,0.031154740601778003,0.9119952619075776,0.05684999935328955
2010-07-22,0.0511353239417076,0.8990209698677063,0.0498436838388443
2010-08-12,0.0199692659080028,0.778834879398346,0.2011958658695221
2010-08-13,0.0185834597796201,0.9393094182014464,0.042107094079256
2010-08-27,0.0638076514005661,0.9077798128128052,0.0284125749021768
2010-09-10,0.0704560726881027,0.179463118314743,0.7500807642936707
2010-09-21,0.0898007452487945,0.880254328250885,0.0299449767917394
2010-09-22,0.0278826765716075,0.91391783952713,0.0581994950771331
2010-10-15,0.0221483763307333,0.9167845249176024,0.0610670521855354
2010-10-16,0.062581080943346,0.8535345792770386,0.08388432487845421
2010-10-20,0.051638260483741746,0.8817273378372192,0.06663436628878115
2010-10-21,0.0400645583868026,0.9090237021446228,0.050911720842123
2010-11-03,0.0398924499750137,0.9073832035064696,0.0527243427932262
2010-11-15,0.0101661812514066,0.592719316482544,0.3971145749092102
2010-11-24,0.0202967375516891,0.8927729725837708,0.0869302898645401
2010-11-29,0.04233027668669815,0.6762465517967939,0.2814231906086206
2010-11-30,0.0209732726216316,0.8075725436210632,0.1714542210102081
2010-12-01,0.0196502804756164,0.8137419819831848,0.1666077226400375
2010-12-03,0.027647404000163,0.938303530216217,0.0340491347014904
2010-12-04,0.1367266625165939,0.842312753200531,0.0209605228155851
2010-12-09,0.028980266302824,0.9264697432518004,0.044549997895956
2010-12-13,0.0279429033398628,0.9164974689483644,0.0555596649646759
2010-12-15,0.9388824701309204,0.0479128435254097,0.0132046528160572
2010-12-17,0.022151531651616,0.9347491264343262,0.0430993661284446
2010-12-18,0.0314935594797134,0.9250534772872924,0.0434529446065425
2010-12-20,0.0234808530658483,0.8768858909606934,0.0996332243084907
2010-12-22,0.0260028969496488,0.9401616454124452,0.0338355302810668
2010-12-23,0.0406511425971984,0.9244989156723022,0.0348499678075313
2010-12-27,0.0966775268316268,0.8751070499420166,0.0282154195010662
2010-12-29,0.03392235438028967,0.5178054807086786,0.4482721798121929
2010-12-30,0.15362457465380425,0.6720866560935974,0.17428876925259823
2010-12-31,0.0187558103352785,0.6127868890762329,0.3684572577476501
2011-01-04,0.4582274258136749,0.4981497228145599,0.0436228066682815
2011-01-10,0.0262176990509033,0.8562765121459961,0.1175057962536811
2011-01-19,0.05618681944906706,0.8436268965403239,0.10018634299437203
2011-01-20,0.14841429765025774,0.7362977862358093,0.11528791611393285
2011-01-25,0.1168893203139305,0.8111822009086609,0.071928434073925
2011-01-26,0.0200684387236833,0.9267606139183044,0.0531709119677543
2011-02-11,0.0198040138930082,0.5544005632400513,0.4257954359054565
2011-03-17,0.02683725720271465,0.9209126830101013,0.0522500071674585
2011-03-28,0.040455725509673295,0.8812784254550934,0.07826588768512005
2011-03-29,0.7908348441123962,0.1845076084136963,0.0246575474739074
2011-04-27,0.04949383623898025,0.9007253348827362,0.049780860543250996
2011-05-09,0.0163206849247217,0.9373003244400024,0.0463789999485015
2011-05-10,0.0294033205136656,0.9088053405284882,0.061791360378265325
2011-05-16,0.9639461040496826,0.0223543550819158,0.0136994561180472
2011-05-23,0.0157462805509567,0.8890172839164734,0.0952364727854728
2011-05-25,0.019091373309493,0.9458496570587158,0.0350589752197265
2011-05-27,0.0584146976470947,0.9164370894432068,0.0251481737941503
2011-06-01,0.0436544008553028,0.913735568523407,0.0426099859178066
2011-06-03,0.2060460150241851,0.756298303604126,0.0376556701958179
2011-06-08,0.0152205862104892,0.5244856476783752,0.4602937400341034
2011-06-29,0.018527611158788197,0.8846014142036438,0.0968710426241159
2011-06-30,0.0283837132155895,0.8973016440868378,0.0743146631866693
2011-07-07,0.011096834205091,0.8838810920715332,0.105022020637989
2011-07-12,0.2306183576583862,0.7379040122032166,0.0314776562154293
2011-07-13,0.0193543098866939,0.9199262857437134,0.0607193782925605
2011-07-14,0.0345990508794784,0.4033683836460113,0.5620324611663818
2011-07-18,0.0218291617929935,0.1104851067066192,0.8676857352256775
2011-07-19,0.2537846565246582,0.7253794074058533,0.0208359807729721
2011-07-20,0.034396718256175476,0.9107866585254669,0.05481663625687355
2011-07-21,0.0223178528249263,0.7351832985877991,0.2424988895654678
2011-07-26,0.011913277208805,0.7978510856628418,0.1902356594800949
2011-07-27,0.14108441770076746,0.8357217907905579,0.0231937719509005
2011-07-28,0.0296726562082767,0.9144778847694396,0.0558494366705417
2011-08-01,0.0213637501001358,0.9127638936042786,0.0658723637461662
2011-08-02,0.0821520984172821,0.8674351572990417,0.0504127144813537
2011-08-03,0.0123323015868663,0.4147806763648987,0.5728870630264282
2011-08-12,0.0179752185940742,0.9057957530021667,0.076229028403759
2011-08-17,0.0268515478819608,0.918057382106781,0.0550910308957099
2011-08-31,0.2788898646831512,0.6978375911712646,0.0232725236564874
2011-09-07,0.014115241356194,0.8767158389091492,0.1091688945889473
2011-09-13,0.1010895296931266,0.8798490166664124,0.0190615057945251
2011-09-16,0.0132718342356383,0.7196663916110992,0.26706175506114954
2011-09-19,0.0158844999969005,0.9211061596870422,0.0630093365907669
2011-09-22,0.10411701351404185,0.8657450377941132,0.030137944035232053
2011-09-26,0.0183444377034902,0.8843364119529724,0.0973191335797309
2011-10-10,0.0194810647517442,0.8788008689880371,0.1017179861664772
2011-10-12,0.0137309674173593,0.885416716337204,0.1008523385971784
2011-10-13,0.012603753712028199,0.8468498587608337,0.140546441078186
2011-10-14,0.0468638688325881,0.3800462484359741,0.5730898976325989
2011-10-17,0.0275403205305337,0.8702113032341003,0.1022484228014946
2011-10-19,0.03907888631025943,0.9051132400830587,0.055807872364918375
2011-10-20,0.0301957670599222,0.599703311920166,0.3701008856296539
2011-10-23,0.0206487365067005,0.411712646484375,0.5676385760307312
2011-10-26,0.0273669734597206,0.9364352822303772,0.0361977331340312
2011-11-09,0.029119240740935,0.4430759077270825,0.5278048564990362
2011-11-10,0.1264582574367523,0.7885410785675049,0.085000641644001
2011-11-11,0.0489151049405336,0.5654922425746918,0.3855926655232906
2011-11-21,0.0102814845740795,0.8462095260620117,0.1435090005397796
2011-11-25,0.3966794908046722,0.5727670788764954,0.0305534154176712
2011-11-28,0.0123287159949541,0.1243829652667045,0.8632882237434387
2011-11-30,0.10274071060121055,0.8336321115493774,0.0636271927505731
2011-12-01,0.0249703284353017,0.3683511316776275,0.6066786050796509
2011-12-05,0.0306174792349338,0.3257004618644714,0.6436820030212402
2011-12-06,0.0392982624471187,0.9234137535095216,0.0372880175709724
2011-12-07,0.015189572237432,0.8419904708862305,0.1428199112415313
2011-12-14,0.03530634070436157,0.8807414174079895,0.08395227665702497
2011-12-16,0.0220805071294307,0.9331068396568298,0.0448126792907714
2011-12-20,0.0143448458984494,0.9215983152389526,0.0640568360686302
2011-12-22,0.0128047820180654,0.8965029716491699,0.0906922742724418
2011-12-28,0.0134438835084438,0.155895248055458,0.8306608200073242
2012-01-04,0.10521684847772117,0.8468602657318115,0.047922869399189896
2012-01-05,0.1266614198684692,0.7802954912185669,0.093043103814125
2012-01-06,0.0199765358120203,0.9317971467971802,0.0482263416051864
2012-01-09,0.0259143263101577,0.9010348916053772,0.0730508118867874
2012-01-11,0.016878230497241,0.8559927940368652,0.127128928899765
2012-01-18,0.05996627626674512,0.7264806457928249,0.21355308911630086
2012-01-19,0.0291946260258555,0.6286768317222595,0.3421285673975944
2012-01-22,0.0110278604552149,0.8837429285049438,0.1052291840314865
2012-01-24,0.017352171242237,0.8880068063735962,0.0946409627795219
2012-02-01,0.0293296389281749,0.8852705955505371,0.0853998363018035
2012-02-06,0.0222771298140287,0.928359866142273,0.0493630170822143
2012-02-15,0.013574193697422701,0.742954283952713,0.2434715405106544
2012-02-21,0.01419167499989265,0.8850918114185333,0.10071651637554166
2012-02-23,0.0228889659047126,0.9206676483154296,0.056443341076374
2012-02-24,0.0243591535836458,0.8947515487670898,0.0808892622590065
2012-02-27,0.0255360510200262,0.917924702167511,0.0565392673015594
2012-02-29,0.0123337693512439,0.8942834734916687,0.0933827087283134
2012-03-01,0.0113365929573774,0.2688912153244018,0.7197721600532532
2012-03-09,0.2529982104897499,0.716849813858668,0.030151961992184267
2012-03-13,0.1464485973119735,0.8295105695724487,0.0240408331155776
2012-03-14,0.0645321607589721,0.8458362221717834,0.0896316543221473
2012-03-15,0.10809735395014286,0.8336285650730133,0.058274095878005
2012-03-16,0.0162817500531673,0.9330543279647828,0.050663985311985
2012-03-19,0.0496845953166484,0.8674335479736328,0.0828818082809448
2012-03-22,0.0230501666665077,0.923535943031311,0.053413949906826
2012-03-28,0.0305773168802261,0.2234346717596054,0.7459880113601685
2012-03-29,0.0645323619246482,0.9104762077331544,0.0249913856387138
2012-04-04,0.0220916531980037,0.9448573589324952,0.0330509655177593
2012-04-17,0.0552858673036098,0.8938353657722473,0.0508788377046585
2012-04-18,0.036159352166578125,0.816837877035141,0.14700278826057908
2012-04-19,0.0291121024638414,0.4879519045352935,0.48293596009413403
2012-04-27,0.0190908592194318,0.920014262199402,0.0608949400484561
2012-05-01,0.0814880579710006,0.8752662539482117,0.0432456880807876
2012-05-04,0.0160148497670888,0.8937082886695862,0.0902768895030021
2012-05-08,0.012692055664956549,0.9175776839256287,0.0697302464395761
2012-05-09,0.0344120413064956,0.9257784485816956,0.0398095250129699
2012-05-16,0.0165386088192462,0.9323965907096864,0.0510647632181644
2012-05-18,0.0200980361551046,0.674065113067627,0.3058368563652038
2012-05-22,0.1612801700830459,0.805190920829773,0.0335289202630519
2012-05-24,0.0184610867872834,0.914132833480835,0.0674060980478922
2012-05-25,0.0222656894475221,0.9233514964580536,0.0543828215450048
2012-06-04,0.0214442182332277,0.9361591935157776,0.0423966124653816
2012-06-11,0.0188971776515245,0.90433669090271,0.076766200363636
2012-06-12,0.0177243631333112,0.8969264030456543,0.0853492245078086
2012-06-13,0.0213263239711523,0.9370191693305968,0.0416545085608959
2012-06-18,0.0210870429873466,0.1854060292243957,0.7935069799423218
2012-06-20,0.0131312385201454,0.8798536062240601,0.1070151329040527
2012-06-26,0.0119484243914484,0.1540534943342209,0.8339980840682983
2012-06-28,0.0798312425613403,0.8729256987571716,0.0472430847585201
2012-07-06,0.025768207386136,0.8873527646064758,0.0868790745735168
2012-07-13,0.0236367732286453,0.9163727164268494,0.0599905326962471
2012-07-16,0.015314994379878,0.9211735725402832,0.0635114386677742
2012-07-17,0.0511108189821243,0.8953094482421875,0.0535797327756881
2012-07-18,0.04917959868907925,0.8339570264021555,0.11686335441966848
2012-07-19,0.03223394788801665,0.8989523649215698,0.06881365738809106
2012-07-20,0.0236588437110185,0.5990245640277863,0.3773165754973888
2012-07-27,0.0607987232506275,0.8670750856399536,0.0721262395381927
2012-07-30,0.0176649801433086,0.9113765954971312,0.0709584802389144
2012-07-31,0.0171499922871589,0.8868467211723328,0.0960032418370246
2012-08-02,0.0989057272672653,0.8725776076316833,0.0285166762769222
2012-08-05,0.0190060138702392,0.942987322807312,0.0380066633224487
2012-08-06,0.016403492540121,0.9132936596870422,0.0703028216958046
2012-08-08,0.0234772767871618,0.8747267723083496,0.10179596891005831
2012-08-09,0.0321898683905601,0.9230806231498718,0.0447295308113098
2012-08-10,0.0363814085721969,0.9155558347702026,0.0480627492070198
2012-08-13,0.0208953712135553,0.4790527615696191,0.5000518430024384
2012-08-14,0.0302204750478267,0.9290469884872437,0.0407324582338333
2012-08-17,0.025620799511671,0.901809811592102,0.0725693330168724
2012-08-22,0.0179142337292432,0.8859020471572876,0.0961837396025657
2012-09-06,0.030153766274452137,0.6645295520623525,0.3053166791796684
2012-09-14,0.1421601455658674,0.7912581562995911,0.06658166181296105
2012-09-17,0.025939074344933,0.9086264669895172,0.0654344335198402
2012-09-18,0.1312677413225174,0.8442061543464661,0.024526122957468
2012-09-19,0.0275102946907281,0.913606822490692,0.0588829070329666
2012-09-20,0.0305568017065525,0.930867075920105,0.0385761074721813
2012-09-24,0.0232420116662979,0.9384055733680724,0.0383523851633071
2012-09-25,0.0153119005262851,0.9024390578269958,0.0822489932179451
2012-10-02,0.0401861183345317,0.1424012780189514,0.8174125552177429
2012-10-04,0.03309801220893855,0.8807555139064789,0.0861464217305183
2012-10-08,0.1264464557170868,0.8256043195724487,0.0479492247104644
2012-10-10,0.039277091622352545,0.5996518880128859,0.36107101663947105
2012-10-11,0.9058119058609008,0.0817308947443962,0.0124572776257991
2012-10-12,0.6652215123176575,0.3006969094276428,0.0340816266834735
2012-10-16,0.0541436076164245,0.8806925415992737,0.0651638507843017
2012-10-17,0.03342031408101315,0.8832266479730606,0.08335302583873268
2012-10-19,0.0146723240613937,0.0797308981418609,0.9055967330932616
2012-10-22,0.0126485060900449,0.8187759518623352,0.1685755103826522
2012-10-25,0.0154974907636642,0.8770102262496948,0.1074922978878021
2012-10-26,0.04212057590484615,0.6488220691680908,0.309057392179966
2012-11-02,0.0401477580890059,0.8893744051456451,0.07047788240015505
2012-11-08,0.0284393727779388,0.5708952993154525,0.4006653241813182
2012-11-12,0.01890728622674935,0.9198400676250458,0.06125259958207605
2012-11-14,0.0229760911315679,0.9213890433311462,0.0556347928941249
2012-11-16,0.03973461268469685,0.9100516736507416,0.0502137225121259
2012-11-20,0.0440580397844314,0.9258012175559998,0.03014069609344
2012-11-21,0.017405692487955,0.8839108347892761,0.0986835286021232
2012-11-26,0.0457841344177722,0.29321273416280746,0.6610031127929688
2012-11-29,0.0358515903353691,0.9162912368774414,0.0478571876883506
2012-11-30,0.259376049041748,0.7137365341186523,0.0268874261528253
2012-12-11,0.0831181928515434,0.8891825675964355,0.0276992544531822
2012-12-12,0.0327200330793857,0.9098190665245056,0.0574608854949474
2012-12-14,0.0206227488815784,0.9385521411895752,0.0408251211047172
2012-12-17,0.0114363366737961,0.2434249818325042,0.7451385855674744
2012-12-18,0.48644429445266724,0.4260228257626295,0.08753286814317106
2012-12-19,0.023988376371562453,0.9113044440746307,0.064707139506936
2012-12-20,0.0232703774236142,0.887553870677948,0.08917577192187305
2012-12-21,0.0176949128508567,0.9239323139190674,0.0583727285265922
2012-12-26,0.0473618619143962,0.3649509847164154,0.5876871943473816
2012-12-27,0.0280578155070543,0.9205714464187622,0.0513707213103771
2013-01-02,0.0130589911714196,0.3024696707725525,0.6844713091850281
2013-01-03,0.1253441721200943,0.839019775390625,0.0356360375881195
2013-01-08,0.4909910149872303,0.48464519716799254,0.02436379529535765
2013-01-10,0.032929677516222,0.7442329525947571,0.2228374481201172
2013-01-14,0.0214341562241315,0.8736328482627869,0.1049329340457916
2013-01-15,0.030404909203449865,0.8939558664957682,0.07563924292723333
2013-01-16,0.0338583512542148,0.8142615805069605,0.1518800898144642
2013-01-17,0.0567190982401371,0.860910177230835,0.0823707282543182
2013-01-24,0.0294767841696739,0.308395504951477,0.6621277332305908
2013-01-25,0.0143658965826034,0.7356412410736084,0.2499928623437881
2013-01-29,0.28300735447555775,0.648927241563797,0.0680654123425483
2013-01-31,0.0204843748360872,0.9319241642951964,0.0475915148854255
2013-02-05,0.0404134280979633,0.9262617230415344,0.0333248041570186
2013-02-08,0.01379014132544395,0.5632160902023315,0.42299376055598253
2013-02-11,0.0261866059154272,0.9320421814918518,0.0417711772024631
2013-02-12,0.02392520103603595,0.9266338646411896,0.049440938979387256
2013-02-13,0.0232759714126586,0.6992065906524658,0.2775174975395202
2013-02-14,0.1380983740091323,0.8176171183586121,0.044284451752901
2013-02-22,0.0146186267957091,0.7556610107421875,0.2297203838825225
2013-02-28,0.02392886299639935,0.7407152354717255,0.23535593971610066
2013-03-04,0.0193894207477569,0.9149922728538512,0.0656183287501335
2013-03-06,0.24971412029117346,0.6283189058303833,0.12196691334247585
2013-03-12,0.8216462135314941,0.147748589515686,0.0306051429361104
2013-03-13,0.0197644904255867,0.9154599905014038,0.0647755339741706
2013-03-14,0.0199646847322583,0.8895200788974762,0.09051523730158806
2013-03-18,0.03612207388505335,0.8418066501617432,0.1220712978392839
2013-03-19,0.3735280595719814,0.5747027906278769,0.05176916656394797
2013-03-21,0.0230274265632033,0.9090547561645508,0.06791777536273
2013-03-24,0.0294938161969184,0.9080216288566588,0.062484573572874
2013-03-25,0.032040148352583196,0.9125632246335348,0.055396656195322636
2013-03-27,0.1110656186938285,0.8075297474861145,0.0814046263694763
2013-03-28,0.018998132087290235,0.8551862637201945,0.12581563740968701
2013-04-01,0.04008427759011583,0.8748479882876078,0.0850677428146203
2013-04-02,0.0226626694202423,0.9257195591926576,0.0516177043318748
2013-04-03,0.0175869073718786,0.8881357312202454,0.0942773595452308
2013-04-05,0.053920909762382445,0.9027638137340546,0.0433152560144662
2013-04-08,0.0711159110069274,0.1155091971158981,0.813374936580658
2013-04-11,0.024085715102652668,0.8939578533172607,0.0819564443081617
2013-04-16,0.0445780158042907,0.8820536732673645,0.0733683407306671
2013-04-17,0.033633528277277884,0.8884135286013285,0.07795295864343639
2013-04-18,0.0271773040294647,0.9002498984336853,0.0725727677345275
2013-04-22,0.0261041074991226,0.7910631895065308,0.1828327625989914
2013-04-24,0.0259962305426597,0.7449281215667725,0.2290756404399871
2013-05-01,0.0338518135249614,0.9213336110115052,0.0448145791888237
2013-05-03,0.0445758737623691,0.9186745882034302,0.0367495380342006
2013-05-06,0.02393985446542497,0.9089354674021403,0.06712462628881134
2013-05-07,0.6560637205839157,0.2813204023987055,0.0626158937811851
2013-05-14,0.0189643260091543,0.935665488243103,0.0453702248632907
2013-05-15,0.4159033298492431,0.5531894564628601,0.0309072323143482
2013-05-16,0.0109042068943381,0.881618320941925,0.107477456331253
2013-05-17,0.6010926961898804,0.0414427481591701,0.3574646115303039
2013-05-21,0.0172200272791087,0.8955828249454498,0.08719715848565095
2013-05-22,0.0373107157647609,0.9003188014030457,0.0623704828321933
2013-05-28,0.0349425859749317,0.8020319938659668,0.1630254536867141
2013-06-04,0.0184856541454792,0.8711255192756653,0.1103888377547264
2013-06-05,0.46415438782423735,0.501105759292841,0.0347398230805993
2013-06-10,0.0154535388574004,0.9394183158874512,0.0451281517744064
2013-06-11,0.8749341368675232,0.1086825206875801,0.0163832511752843
2013-06-17,0.0180166754871606,0.8469703793525696,0.1350129544734954
2013-06-19,0.0269332341849803,0.924572229385376,0.0484945587813854
2013-06-20,0.0353226996958255,0.92523992061615,0.039437361061573
2013-07-01,0.0309087559580802,0.9200022220611572,0.0490890517830848
2013-07-05,0.0146247297525405,0.9144014120101928,0.0709738433361053
2013-07-09,0.0303343832492828,0.9238627552986144,0.0458028763532638
2013-07-11,0.0600083954632282,0.8588529229164124,0.0811387151479721
2013-07-12,0.0114191379398107,0.8920181393623352,0.0965627878904342
2013-07-16,0.0419498868286609,0.8967414498329163,0.0613087303936481
2013-07-17,0.04163828194141382,0.9011434316635132,0.05721829235553738
2013-07-18,0.027916629798710298,0.902353972196579,0.06972940452396864
2013-07-22,0.0176193881779909,0.9284141659736632,0.05396643653512
2013-07-24,0.0395792499184608,0.927617073059082,0.0328036360442638
2013-08-06,0.0102062569931149,0.8882200121879578,0.1015737205743789
2013-08-11,0.0376203469932079,0.9087699055671692,0.0536097176373004
2013-08-13,0.7106519937515259,0.2423034757375717,0.0470444820821285
2013-08-15,0.03080005571246145,0.9251107573509216,0.04408917576074595
2013-08-29,0.0571901872754097,0.861285924911499,0.0815238356590271
2013-09-05,0.0312999039888381,0.9279435873031616,0.0407564751803875
2013-09-06,0.02097150590270755,0.9035500884056091,0.07547839172184465
2013-09-09,0.0549998879432678,0.9208005666732788,0.0241996198892593
2013-09-11,0.4610589444637298,0.3694108426570892,0.1695302128791809
2013-09-17,0.024854427203536,0.9363223314285278,0.0388232395052909
2013-09-18,0.025535499677062,0.9116736054420471,0.06279096566140645
2013-09-19,0.0291851833462715,0.8732069134712219,0.0976079478859901
2013-09-23,0.026161218993365702,0.9394685626029968,0.03437021560966965
2013-09-24,0.0155500210821628,0.9086402654647828,0.0758096501231193
2013-09-25,0.013668349944055,0.9065790772438048,0.0797525644302368
2013-09-26,0.021275517530739252,0.9367628693580627,0.0419616196304559
2013-09-27,0.0230620894581079,0.9397459030151368,0.0371919572353363
2013-09-30,0.0322224274277687,0.8850025534629822,0.0827750042080879
2013-10-03,0.0429940111935138,0.9161442518234252,0.0408616997301578
2013-10-08,0.0242629908025264,0.90570068359375,0.0700362995266914
2013-10-10,0.2134640999138355,0.7494480212529501,0.037087877591450935
2013-10-11,0.0198170356452465,0.921480655670166,0.0587022565305233
2013-10-16,0.0460098106414079,0.8677813112735748,0.08620885945856566
2013-10-17,0.2662799954414367,0.1672160774469375,0.5665038824081421
2013-10-18,0.047112975269556,0.827553927898407,0.1253331005573272
2013-10-20,0.0469131208956241,0.9245131611824036,0.0285737104713916
2013-10-21,0.0137557042762637,0.8462057709693909,0.1400385349988937
2013-10-22,0.0158807355910539,0.9087547659873962,0.0753644630312919
2013-10-23,0.0190192274749279,0.8162135481834412,0.1647672057151794
2013-10-25,0.0592423789203166,0.8644558787345886,0.0763017162680625
2013-11-06,0.0226987041532993,0.8018250465393066,0.1754762679338455
2013-11-11,0.0284909754991531,0.8740678429603577,0.0974411740899086
2013-11-14,0.02736521884799,0.9220297336578368,0.0506050363183021
2013-11-15,0.0337563119828701,0.9285629391670228,0.0376807861030101
2013-11-20,0.024334687739610603,0.9138955175876617,0.06176977604627605
2013-11-22,0.0310251023620367,0.5778748989105225,0.3910999298095703
2013-11-25,0.2600970864295959,0.4048409759998321,0.3350619673728943
2013-11-26,0.0832807421684265,0.8674604296684265,0.0492588244378566
2013-11-29,0.0250378940254449,0.7112742364406586,0.263687901198864
2013-12-01,0.0520465523004531,0.5298526287078857,0.4181007742881775
2013-12-02,0.0375368106178939,0.47493183985352516,0.48753135278820986
2013-12-03,0.0420161597430706,0.5520997047424316,0.4058841168880462
2013-12-04,0.0829610601067543,0.8094345927238464,0.107604369521141
2013-12-05,0.0969802066683769,0.8487955927848816,0.054224207997322
2013-12-06,0.0258589871227741,0.8960124850273132,0.0781284943222999
2013-12-08,0.6124030351638794,0.3686977326869964,0.0188992358744144
2013-12-10,0.0576745979487896,0.8928858637809753,0.0494395978748798
2013-12-16,0.0338221341371536,0.9128280878067015,0.0533497594296932
2013-12-17,0.08985659200698137,0.8388563593228658,0.07128703718384104
2013-12-23,0.0383861288428306,0.8994185328483582,0.062195349484682
2013-12-26,0.1309397090226411,0.8301942944526672,0.038865983486175454
2014-01-05,0.0888206735253334,0.8703883290290833,0.0407909527420997
2014-01-06,0.0298339165747165,0.8651286363601685,0.105037473142147
2014-01-07,0.0149194104596972,0.6697821021080017,0.315298467874527
2014-01-16,0.0200227703899145,0.9333197474479676,0.0466574877500534
2014-01-22,0.031126305460929832,0.7006404797236124,0.2682332011560599
2014-01-23,0.0472865216434001,0.9035999178886414,0.0491135641932487
2014-01-24,0.022944152355194,0.8651455640792847,0.1119103208184242
2014-01-26,0.0248569380491971,0.9359716176986694,0.0391714349389076
2014-01-27,0.0296401567757129,0.9211438894271852,0.0492159724235534
2014-01-30,0.0230062752962112,0.9272210597991944,0.0497726202011108
2014-02-06,0.0696358606219291,0.6766791939735413,0.2536849081516266
2014-02-13,0.0280415881425142,0.9379727244377136,0.0339856520295143
2014-02-24,0.0902277082204818,0.880321204662323,0.0294510927051305
2014-02-26,0.03144996706396335,0.9220143854618073,0.04653566330671305
2014-02-27,0.022822180762887,0.9282780289649964,0.0488997884094715
2014-03-10,0.03823652304708955,0.9100714921951294,0.05169197730720035
2014-03-12,0.0284682903438806,0.9130832552909852,0.0584485158324241
2014-03-13,0.4842275381088257,0.4032166600227356,0.1125558093190193
2014-03-19,0.0172003637999296,0.9193602800369264,0.0634393766522407
2014-04-08,0.0797856822609901,0.0775520876049995,0.8426622152328491
2014-04-09,0.2001125961542129,0.7680463790893555,0.0318409986793994
2014-04-10,0.1025753431022167,0.8599429726600647,0.0374817289412021
2014-04-14,0.0305638369172811,0.9268928170204164,0.0425433032214641
2014-04-21,0.01738314004614945,0.890029788017273,0.09258710034191606
2014-04-29,0.042578152070442764,0.9050004084904989,0.052421448131402294
2014-04-30,0.0146100344136357,0.8471435904502869,0.1382463723421096
2014-05-15,0.014696979895234049,0.6757674217224121,0.30953557416796684
2014-05-21,0.3111889362335205,0.6690215468406677,0.0197896063327789
2014-05-22,0.0758377164602279,0.8968918323516846,0.0272704679518938
2014-05-23,0.232998639345169,0.7374707460403442,0.0295306202024221
2014-05-25,0.1120062097907066,0.8644830584526062,0.0235107969492673
2014-05-28,0.316501647233963,0.652855396270752,0.0306430160999298
2014-06-06,0.140004500746727,0.8181747198104858,0.041820827871561
2014-06-09,0.050631609124441895,0.8632189234097799,0.08614946901798243
2014-06-10,0.1572005301713943,0.7957499623298645,0.047049481421709
2014-06-11,0.0136871477589011,0.8888124823570251,0.0975003242492675
2014-06-17,0.0175436288118362,0.89470374584198,0.0877526178956031
2014-06-24,0.0387271232903003,0.1574683487415313,0.8038045763969421
2014-07-03,0.0201156735420227,0.8860414624214172,0.093842826783657
2014-07-11,0.0400262847542762,0.7257770895957947,0.234196588397026
2014-07-14,0.05413024500012395,0.8624261319637299,0.08344359695911405
2014-07-15,0.0358129106462001,0.9343096017837524,0.0298775341361761
2014-07-16,0.03658540174365035,0.6984355449676513,0.26497906260192394
2014-07-23,0.0139589123427867,0.642196774482727,0.3438442945480346
2014-07-24,0.0333513468503952,0.9332833290100098,0.0333653911948204
2014-07-31,0.016739621758461,0.918936252593994,0.0643240660429
2014-08-13,0.2103578895330429,0.7591798901557922,0.0304622463881969
2014-08-15,0.0189456399530172,0.9299758076667786,0.0510785020887851
2014-08-19,0.0130325257778167,0.896398663520813,0.090568870306015
2014-08-21,0.08326128249367072,0.8700403769810995,0.046698316310842806
2014-09-02,0.025008363649249,0.912942111492157,0.0620495341718196
2014-09-09,0.0228224722668528,0.9142180979251862,0.06295939348638055
2014-09-10,0.036322183907032,0.8104910850524902,0.1531867384910583
2014-09-11,0.0143902990967035,0.8193151354789734,0.16629458963871
2014-09-12,0.0632972195744514,0.8958540956179301,0.040848709642887095
2014-09-15,0.0228312220424413,0.9246894717216492,0.0524792820215225
2014-09-23,0.0288247969001531,0.9319781064987184,0.0391971729695797
2014-09-30,0.04266848787665364,0.9231845537821451,0.03414698441823317
2014-10-01,0.0188125446438789,0.8738948702812195,0.107292540371418
2014-10-08,0.0404281020164489,0.8068285584449768,0.1527433097362518
2014-10-13,0.0574325025081634,0.9093958139419556,0.0331716537475585
2014-10-15,0.03905439190566535,0.9211892485618591,0.0397563129663467
2014-10-16,0.0509607307612896,0.877040684223175,0.0719985738396644
2014-10-20,0.0172650441527366,0.9010757803916932,0.0816592201590538
2014-10-21,0.0237279199063777,0.917367935180664,0.0589040890336036
2014-11-12,0.014733238145709,0.8879753351211548,0.0972913801670074
2014-11-20,0.0130006726831197,0.9142720699310304,0.0727272257208824
2014-11-27,0.6543996334075928,0.3251541256904602,0.0204462446272373
2014-11-28,0.7758256196975708,0.1226076409220695,0.1015667393803596
2014-12-01,0.1075999451180299,0.7610289255777994,0.13137113302946082
2014-12-02,0.082219123840332,0.8704394698143005,0.0473413579165935
2014-12-08,0.0189237836748361,0.8655869364738464,0.1154892593622207
2014-12-09,0.0352636724710464,0.8995478749275208,0.065188430249691
2014-12-10,0.27120243757963175,0.6610993891954422,0.06769820954650635
2014-12-12,0.0196170322597026,0.9177665114402772,0.0626165047287941
2015-01-21,0.05644209124147885,0.9038216173648834,0.0397362951189279
2015-02-03,0.119138590991497,0.8531312942504883,0.0277301277965307
2015-02-06,0.0931204035878181,0.6911401748657227,0.215739443898201
2015-03-02,0.0196174588054418,0.9329169392585754,0.0474656149744987
2015-03-09,0.0545432902872562,0.910302996635437,0.0351536646485328
2015-03-10,0.0768121927976608,0.8803633451461792,0.0428245216608047
2015-03-13,0.0251307804137468,0.7551794648170471,0.2196897864341735
2015-03-17,0.027040551882237147,0.7305310964584351,0.24242838472127914
2015-03-18,0.0592296756803989,0.8971600532531738,0.0436102524399757
2015-03-19,0.0310934148728847,0.8484949469566345,0.1204116493463516
2015-03-23,0.0272493250668048,0.9361178278923036,0.0366328619420528
2015-03-24,0.0598682649433612,0.8814749121665955,0.0586567893624305
2015-03-26,0.1020116508007049,0.8469747304916382,0.051013633608818
2015-03-30,0.3755550682544708,0.5914400815963745,0.0330047756433486
2015-04-09,0.0398034714162349,0.926318109035492,0.0338783785700798
2015-04-13,0.1951113492250442,0.7823438048362732,0.0225448589771986
2015-04-22,0.0355397332459688,0.9138944745063782,0.05056583695113655
2015-04-28,0.0378898568451404,0.7990953922271729,0.1630147099494934
2015-05-19,0.037298496812582,0.9279377460479736,0.0347637422382831
2015-05-21,0.0374572095461189,0.8889428079128265,0.0735999662429094
2015-05-26,0.792715847492218,0.1833475232124328,0.0239365920424461
2015-06-02,0.0200655087828636,0.9309582710266112,0.0489762239158153
2015-06-08,0.1794148534536361,0.7406304478645325,0.0799546614289283
2015-06-11,0.0577147081494331,0.9199928641319276,0.0222924184054136
2015-06-16,0.0704405754804611,0.3639459609985351,0.5656133890151978
2015-06-19,0.0285589918494224,0.910134732723236,0.0613062269985675
2015-06-26,0.029712788760662,0.9380808472633362,0.032206330448389
2015-07-01,0.03402838762849565,0.8649234771728516,0.1010480988770723
2015-07-02,0.0283580478280782,0.9303954243659972,0.0412464961409568
2015-07-03,0.0339589528739452,0.9153051376342772,0.0507358685135841
2015-07-06,0.015342173166573,0.7941939234733582,0.19046385213732717
2015-07-09,0.0342049486935138,0.9306975603103638,0.0350975133478641
2015-07-14,0.0339133478701114,0.9156535267829896,0.0504330620169639
2015-07-16,0.17307837679982183,0.7502790987491608,0.07664250489324327
2015-07-20,0.0377200841903686,0.9216160476207734,0.040663920342922155
2015-07-23,0.0182115994393825,0.8559483289718628,0.1258400082588195
2015-07-27,0.0190269723534584,0.8839204907417297,0.0970525220036506
2015-09-03,0.0243374016135931,0.9076551795005798,0.0680074840784072
2015-09-11,0.0132302306592464,0.8369203209877014,0.1498494446277618
2015-09-14,0.0441716089844703,0.8985819220542908,0.0572465024888515
2015-10-08,0.0400148667395114,0.8725239038467407,0.0874612256884574
2015-10-21,0.22431468777358526,0.7309872508049011,0.0446980949491262
2015-11-16,0.0184556040912866,0.7264586091041565,0.2550857365131378
2015-11-25,0.033197533339262,0.2328459769487381,0.7339563965797424
2015-11-30,0.0543348975479602,0.8835539817810059,0.0621110834181308
2016-01-27,0.21230399608612055,0.71233731508255,0.07535865344107145
2016-01-28,0.0447200946509838,0.8819295763969421,0.0733503252267837
2016-02-08,0.0224318075925111,0.9333482384681702,0.0442200042307376
2016-02-22,0.0234091281890869,0.9399038553237916,0.0366869680583477
2016-03-02,0.0239680800586938,0.932311713695526,0.0437201596796512
2016-04-19,0.0626092180609703,0.860727071762085,0.0766636878252029
2016-04-26,0.21000151522457594,0.7144239395856857,0.07557456195354459
2016-05-13,0.0231089014559984,0.9289538860321044,0.047937162220478
2016-05-24,0.0189764983952045,0.9090166091918944,0.0720068663358688
2016-05-26,0.0532161556184291,0.9049861431121826,0.0417976714670658
2016-06-03,0.01389339286834,0.8239641189575195,0.1621425449848175
2016-06-20,0.0289173498749732,0.8884233832359314,0.0826592817902565
2016-06-21,0.0137473484501242,0.8774421811103821,0.1088104397058487
2016-06-22,0.0395240448415279,0.9095028638839722,0.0509730353951454
2016-06-28,0.0311457645148038,0.5268635153770447,0.4419907033443451
2016-07-07,0.0491555668413639,0.861413300037384,0.0894311591982841
2016-07-13,0.0508037284016609,0.8727677464485168,0.076428547501564
2016-07-20,0.0273359473794698,0.9373068809509276,0.0353571735322475
2016-08-12,0.0207649208605289,0.9432279467582704,0.0360071249306201
2016-09-02,0.0133163901045918,0.9038144946098328,0.0828690826892852
2016-09-29,0.024784367531538,0.8547812104225159,0.1204344183206558
2016-10-03,0.01480807689949865,0.8666019141674042,0.1185900196433067
2016-10-07,0.1040547266602516,0.754211962223053,0.14173324406147
2016-10-10,0.0337011590600013,0.9260149002075196,0.0402839668095111
2016-10-15,0.0570708885788917,0.8962364196777344,0.0466926470398902
2016-10-19,0.045512013137340504,0.9014698565006256,0.05301815830171105
2016-10-22,0.9167205095291138,0.0580315813422203,0.0252479147166013
2016-10-27,0.0367347784340381,0.8509196639060974,0.1123455464839935
2016-10-28,0.0273422561585903,0.942268967628479,0.0303888116031885
2016-11-15,0.0690734833478927,0.4355745017528534,0.4953519999980926
2017-01-13,0.2389561682939529,0.6420598030090332,0.118984006345272
2017-01-25,0.0422698110342025,0.9287792444229126,0.0289508793503046
2017-01-26,0.03420791216194625,0.6840749382972717,0.2817171216011047
2017-01-27,0.0366948693990707,0.9149991869926452,0.0483060218393802
2017-02-06,0.0783592015504837,0.8920642137527466,0.0295765567570924
2017-02-07,0.07140400912612675,0.878802478313446,0.0497935190796852
2017-03-08,0.0773092955350875,0.888665497303009,0.0340252332389354
2017-03-13,0.0644558295607566,0.8938199877738953,0.0417241118848323
2017-03-16,0.2742428779602051,0.6788989305496216,0.0468582548201084
2017-03-20,0.0313745066523551,0.9278170466423036,0.0408084280788898
2017-04-10,0.03680293634533875,0.9219492375850677,0.04124781116843215
2017-04-19,0.0993592413142323,0.8438448011875153,0.0567959658801555
2017-05-08,0.0514744122823079,0.8991351127624512,0.0493904699881871
2017-06-21,0.0760439932346344,0.8810737729072571,0.0428822822868824
2017-07-04,0.0825978443026542,0.8915407061576843,0.0258614458143711
2017-07-11,0.0215112883597612,0.8108329176902771,0.1676557958126068
2017-07-20,0.04480290599167345,0.904095321893692,0.05110176093876355
2017-08-11,0.0544601641595363,0.9039745330810548,0.0415653102099895
2017-08-21,0.031708974391222,0.924527108669281,0.0437639169394969
2017-09-14,0.220023825764656,0.7458671927452087,0.0341089852154254
2017-09-19,0.0198693722486495,0.9307584762573242,0.0493721142411232
2017-09-27,0.0423961989581584,0.9019248485565186,0.0556789375841617
2017-10-13,0.044124286621809,0.8865241408348083,0.0693515241146087
2017-10-18,0.3352142795920372,0.6053566783666611,0.0594290997833013
2017-10-23,0.0154117085039615,0.9216251373291016,0.0629631131887435
2017-10-24,0.1836547255516052,0.6944935321807861,0.1218517273664474
2017-11-13,0.0288819558918476,0.907623827457428,0.0634942054748535
2017-11-22,0.0264457538723945,0.8306490778923035,0.1429051458835601
2017-11-23,0.024963591247797,0.9084179997444152,0.0666183531284332
2017-12-04,0.0269795190542936,0.8670564293861389,0.1059640869498252
2017-12-06,0.042214598506689,0.9266088008880616,0.031176570802927
2018-01-31,0.0879510175436735,0.6329066753387451,0.27914232946932316
2018-02-01,0.04504796676337715,0.8677494525909424,0.0872025769203901
2018-02-16,0.023719698190689,0.8976030945777893,0.078677162528038
2018-02-27,0.0274167880415916,0.6842645406723022,0.2883186638355255
2018-03-20,0.0278927125036716,0.9109452366828918,0.0611620098352432
2018-04-05,0.0156250968575477,0.8572902083396912,0.1270846426486969
2018-04-10,0.0627129226922988,0.8904627561569214,0.0468243546783924
2018-04-11,0.0237489622086286,0.9090269804000854,0.0672241002321243
2018-04-18,0.0202559735625982,0.9139628410339355,0.0657811984419822
2018-04-25,0.2101187296211719,0.7063973248004913,0.0834839344024658
2018-06-13,0.0393619500100612,0.9162092804908752,0.0444287247955799
2018-06-21,0.0407501645386219,0.9201928973197936,0.0390569269657135
2018-06-22,0.117226593196392,0.8558918237686157,0.0268815346062183
2018-06-27,0.9443342685699464,0.046958714723587,0.0087070381268858
2018-07-03,0.0217598807066679,0.5600650906562805,0.4181749820709228
2018-07-10,0.0344951935112476,0.9005098938941956,0.0649949312210083
2018-07-18,0.12450343929231164,0.7082784175872803,0.16721809469163415
2018-07-24,0.0221907906234264,0.9218350052833556,0.0559742078185081
2018-07-30,0.0377614982426166,0.9360618591308594,0.0261767283082008
2018-08-23,0.0236281976103782,0.9338353872299194,0.0425364151597023
2018-09-12,0.12167026847600931,0.8471711277961731,0.03115863073617215
2018-09-20,0.022551329806447,0.9195854067802428,0.0578632988035678
2018-09-25,0.0116381030529737,0.8261833190917969,0.1621785014867782
2018-10-03,0.0759703069925308,0.8962928056716919,0.0277368426322937
2018-10-09,0.0223322752863168,0.9151806235313416,0.0624870769679546
2018-10-10,0.3474142849445343,0.6044684052467346,0.0481172874569892
2018-10-17,0.1012176945805549,0.8737643957138062,0.0250179916620254
2018-10-19,0.10360932350158691,0.8471284806728363,0.04926216602325435
2018-10-22,0.2541536465287208,0.7013063430786133,0.04454006534069775
2018-10-30,0.13341635838150975,0.8319997191429138,0.03458394482731815
2018-11-21,0.0282588507980108,0.9086674451828004,0.0630736723542213
2018-11-23,0.0333682522177696,0.8322699069976807,0.1343618780374527
2018-11-26,0.0286024995148181,0.8983526825904846,0.0730447843670845
2018-12-07,0.1667699161916971,0.5744148194789885,0.25881523266434664
2018-12-12,0.1139928176999092,0.8320398926734924,0.0539672225713729
2018-12-17,0.0286839101463556,0.915166974067688,0.0561491325497627
2019-01-14,0.0823173522949218,0.0580325871706008,0.8596500754356384
2019-01-15,0.0502740815281868,0.8992658257484436,0.0504600442945957
2019-01-22,0.01981620304286475,0.7703106254339218,0.20987318735569715
2019-01-28,0.1696218997240066,0.7837021946907043,0.0466759167611599
2019-01-29,0.2189410707602898,0.705764651298523,0.07529426614443456
2019-01-30,0.0615541581064462,0.8552098274230957,0.08323602005839345
2019-01-31,0.1043374165892601,0.1499192267656326,0.7457432746887207
2019-02-14,0.12309554964303965,0.8435341119766235,0.033370303921401445
2019-02-26,0.0275925565510988,0.9410426020622252,0.0313648171722888
2019-02-27,0.044197147712111404,0.9125334918498993,0.04326933249831195
2019-03-01,0.0115829082205891,0.8687865138053894,0.1196305900812149
2019-03-21,0.0226616971194744,0.9299451112747192,0.0473932400345802
2019-04-11,0.027975398115813697,0.9171192944049836,0.05490529537200925
2019-04-18,0.0638685524463653,0.7022014856338501,0.2339299470186233
2019-04-22,0.1980970567092299,0.7413202822208405,0.0605826526880264
2019-04-23,0.03522386774420735,0.6268507987260818,0.33792526088654995
2019-05-15,0.0446607954800128,0.9106519818305968,0.0446872748434543
2019-05-29,0.0359142906963825,0.9180598258972168,0.0460259467363357
2019-06-18,0.0202503390610218,0.940618634223938,0.0391310863196849
2019-06-26,0.0286794062703847,0.9416435360908508,0.0296770725399255
2019-07-15,0.0258585661649703,0.9256885051727296,0.0484528839588165
2019-07-16,0.16321907937526695,0.3824966326355934,0.4542842470109462
2019-07-17,0.043084671255201046,0.9191192537546158,0.03779606241732832
2019-07-24,0.0119885811582207,0.8301436901092529,0.1578676700592041
2019-08-01,0.637810230255127,0.3398771286010742,0.0223125834017992
2019-08-05,0.0478411130607128,0.8960250616073608,0.056133821606636
2019-08-08,0.0347290374338626,0.2687827348709106,0.6964881420135498
2019-08-19,0.029607119038701,0.904822051525116,0.0655708611011505
2019-09-25,0.0202547963708639,0.9228249788284302,0.0569202303886413
2019-10-11,0.02836101036518805,0.9308594167232513,0.0407795831561088
2019-10-22,0.3914614021778106,0.5032914876937866,0.1052470877766609
2019-10-23,0.20521822571754453,0.7387272417545319,0.056054505209128004
2019-11-01,0.037323348224163,0.9117275476455688,0.0509491004049778
2019-11-21,0.1859453022480011,0.7912915945053101,0.0227630771696567
2019-11-25,0.033307159319519955,0.9305969178676604,0.03609594050794835
2019-11-26,0.0318257212638855,0.920677363872528,0.0474969483911991
2019-11-27,0.2756233513355255,0.6989772915840149,0.0253994278609752
2019-12-17,0.0213805045932531,0.9102814793586732,0.0683379918336868
2019-12-20,0.0100120063871145,0.8325153589248657,0.1574726700782776
2020-01-09,0.5697211623191833,0.4046962857246399,0.0255825668573379
2020-01-17,0.0263629667460918,0.9142462611198424,0.059390801936388
2020-01-21,0.9584197402000428,0.0323191620409488,0.0092611042782664
2020-01-24,0.0456803180277347,0.9191693663597108,0.0351502634584903
2020-01-27,0.4167860150337219,0.2200356572866439,0.3631783425807953
2020-01-28,0.14420164376497263,0.8007704218228658,0.05502792075276373
2020-02-04,0.01712451223284,0.8759024143218994,0.10697308182716364
2020-02-06,0.0528122410178184,0.8899882435798645,0.057199589908123
2020-02-13,0.0353906117379665,0.9301655888557434,0.0344438068568706
2020-02-21,0.0307373069226741,0.8828859925270081,0.0863767191767692
2020-02-24,0.0346243605017662,0.936741054058075,0.0286345202475786
2020-02-27,0.0423432029783725,0.9250983595848083,0.0325583666563034
2020-03-11,0.0454175658524036,0.8304532170295715,0.1241292059421539
2020-03-19,0.04818917531520125,0.8833951950073242,0.0684156250208616
2020-03-23,0.0363693162798881,0.9201687574386596,0.0434619300067424
2020-03-25,0.0568252243101596,0.9089899063110352,0.0341848842799663
2020-04-06,0.0184072442352771,0.792360246181488,0.1892324537038803
2020-04-13,0.0213972795754671,0.935961902141571,0.0426407977938652
2020-04-15,0.0465096868574619,0.9282937049865724,0.0251965634524822
2020-04-16,0.0427580177783966,0.9181669354438782,0.0390750654041767
2020-04-20,0.0133390380069613,0.8723578453063965,0.1143030822277069
2020-04-24,0.04345351271331305,0.7634671628475189,0.1930793188512325
2020-04-28,0.4019306004047394,0.5218029618263245,0.0762664005160331
2020-04-29,0.06719186032811796,0.8907671968142191,0.04204094782471653
2020-04-30,0.052344974130392,0.8598475456237793,0.0878074616193771
2020-05-06,0.04688170738518235,0.9108793139457703,0.0422389861196279
2020-05-13,0.0267964471131563,0.9330971837043762,0.0401063337922096
2020-05-15,0.0222392249852418,0.8983827829360962,0.0793780237436294
2020-05-22,0.0304498672485351,0.9308817386627196,0.0386684574186801
2020-05-27,0.1087745130062103,0.8621773719787598,0.029048079624772
2020-06-02,0.0337235629558563,0.9126126766204834,0.0536637865006923
2020-06-04,0.0204855538904666,0.7201199531555176,0.259394496679306
2020-06-05,0.0352309048175811,0.906931459903717,0.0578375980257988
2020-06-09,0.0205043731257319,0.8900503218173981,0.0894452929496765
2020-06-10,0.0213450994342565,0.9132014513015748,0.0654535293579101
2020-06-11,0.2053255587816238,0.7600466012954712,0.0346278250217437
2020-06-15,0.15222685039043424,0.8218572735786438,0.02591591794043775
2020-06-26,0.0418891850858926,0.7598286867141724,0.1982821598649025
2020-06-29,0.0151752345263957,0.8515592813491821,0.1332655251026153
2020-07-01,0.0316430442035198,0.905604600906372,0.0627523735165596
2020-07-06,0.0201097279787063,0.9136806726455688,0.0662096142768859
2020-07-08,0.137318730354309,0.8404787182807922,0.022202581167221
2020-07-14,0.0335212387144565,0.8691986799240112,0.0972800850868225
2020-07-15,0.040849452838301645,0.8890647292137146,0.07008582726120945
2020-07-16,0.1154020279645919,0.8388240337371826,0.0457739159464836
2020-07-19,0.0157714709639549,0.9287959337234496,0.0554326362907886
2020-07-20,0.0198684819042682,0.9253498911857604,0.0547816921025514
2020-07-21,0.05707984231412405,0.9016974866390228,0.0412226691842079
2020-07-27,0.07289680093526835,0.8454896211624146,0.0816135630011558
2020-07-28,0.03846472129225727,0.9096152782440186,0.05191999798019723
2020-07-29,0.0557928495109081,0.8780980706214905,0.0661091059446334
2020-07-30,0.0482735112309455,0.9091347455978394,0.0425917208194732
2020-08-03,0.0294542452320456,0.9032365381717682,0.06730920821428296
2020-08-07,0.0529897399246692,0.9068177938461304,0.0401924885809421
2020-08-14,0.035938358865678255,0.918457955121994,0.045603664591908455
2020-08-20,0.0234013404697179,0.1288344711065292,0.8477641940116882
2020-09-02,0.0129959750920534,0.8609744906425476,0.1260295361280441
2020-09-09,0.0205251686275005,0.9088940620422364,0.0705806910991668
2020-09-11,0.0291931200772523,0.9338400959968568,0.0369668267667293
2020-09-25,0.0104853389784693,0.7485951781272888,0.2409195005893707
2020-09-30,0.0517426505684852,0.4933167099952698,0.4549406170845032
2020-10-02,0.1968021392822265,0.7868179678916931,0.0163798835128545
2020-10-12,0.0127329630777239,0.919520616531372,0.0677463859319686
2020-10-13,0.0287757739424705,0.8619983792304993,0.1092258691787719
2020-10-21,0.0119346631690859,0.8980638384819031,0.0900014340877533
2020-10-27,0.4752776622772217,0.440435528755188,0.0842867568135261
2020-10-28,0.0360980133215586,0.897726853688558,0.0661751193304856
2020-10-29,0.0150803690776228,0.8826519250869751,0.1022676974534988
2020-11-09,0.05304741486907,0.9098165035247804,0.0371361598372459
2020-11-10,0.0395488105714321,0.9181423783302308,0.0423087440431118
2020-11-13,0.0392033606767654,0.920924186706543,0.0398724898695945
2020-11-16,0.529072642326355,0.4209015965461731,0.0500257089734077
2020-11-17,0.0433350056409835,0.9177770614624025,0.0388879291713237
2020-11-20,0.0649556517601013,0.8836520910263062,0.0513922832906246
2020-11-25,0.0401098392903804,0.9175599217414856,0.04233019053936
2020-11-30,0.4137488007545471,0.5385923385620117,0.0476588532328605
2020-12-01,0.0252317450940608,0.7982946634292603,0.1764736026525497
2020-12-04,0.0577984265983104,0.7292128801345825,0.2129887491464615
2020-12-08,0.0257100071758031,0.9336410760879515,0.0406489335000515
